{
    "loss": 0.5123881697654724,
    "accuracy": 0.6982758641242981
}