{
    "loss": 0.6821632981300354,
    "accuracy": 0.8448275923728943
}